{
  "test": {
    "MAE": 0.9696904579798381,
    "MAE_plain": 0.8226662039756775,
    "RMSE": 1.4661714358465003,
    "AbsRel": 0.6418565016322666,
    "delta1": 0.4073878427346547,
    "SILog": 0.6066935651832157,
    "MAE_ffx": 0.9255372675259909,
    "MAE_low": 0.8187342988120185,
    "SHcoefL1": 0.35470732651236986,
    "sec_front": 0.9873995547824436,
    "sec_right": 0.9451637774043613,
    "sec_back": 1.003015541765425,
    "sec_left": 0.9431829571723938,
    "sec_upper": 0.8375936473740472,
    "sec_lower": 0.4768570042981042
  },
  "mono": {
    "MAE": 1.1073913531833224,
    "MAE_plain": 0.9430441117286682,
    "RMSE": 1.5905393198505262,
    "AbsRel": 0.8412285508049859,
    "delta1": 0.3627213003900316,
    "SILog": 0.6654448572794597,
    "MAE_ffx": 1.0637530247370401,
    "MAE_low": 0.9592818734380933,
    "SHcoefL1": 0.3909255572077301,
    "sec_front": 1.0528911243544685,
    "sec_right": 1.1640767039193047,
    "sec_back": 1.0407554295327928,
    "sec_left": 1.171842163933648,
    "sec_upper": 0.930630959669749,
    "sec_lower": 0.5743103207482232
  },
  "left": {
    "MAE": 1.1193751022550795,
    "MAE_plain": 0.9690562658839755,
    "RMSE": 1.587589897730081,
    "AbsRel": 0.8541726463370853,
    "delta1": 0.3450182012716929,
    "SILog": 0.6635466757085589,
    "MAE_ffx": 1.0752762373288471,
    "MAE_low": 0.9737080507808261,
    "SHcoefL1": 0.3901518575060699,
    "sec_front": 1.0687925124168396,
    "sec_right": 1.1893709548314413,
    "sec_back": 1.0569779054323831,
    "sec_left": 1.1623590554131402,
    "sec_upper": 0.971465847492218,
    "sec_lower": 0.6018936898973253
  },
  "right": {
    "MAE": 1.1338047440846761,
    "MAE_plain": 0.9811801507737902,
    "RMSE": 1.600943276881159,
    "AbsRel": 0.8753570534123315,
    "delta1": 0.342165433300866,
    "SILog": 0.6662225239806705,
    "MAE_ffx": 1.0900656180911594,
    "MAE_low": 0.9872612320052253,
    "SHcoefL1": 0.3932272943585283,
    "sec_front": 1.0784239530563355,
    "sec_right": 1.1965328047010633,
    "sec_back": 1.0667670959896511,
    "sec_left": 1.1934950998094347,
    "sec_upper": 0.9876102073987325,
    "sec_lower": 0.6060117069880168
  },
  "shuffle": {
    "MAE": 1.1255942890379165,
    "MAE_plain": 0.9403081030315823,
    "RMSE": 1.6397903009727004,
    "AbsRel": 0.7988788372940487,
    "delta1": 0.3544776194625431,
    "SILog": 0.7120385660065545,
    "MAE_ffx": 1.0801123258802625,
    "MAE_low": 0.9783466884824965,
    "SHcoefL1": 0.3894090297445655,
    "sec_front": 1.1263021485010782,
    "sec_right": 1.1357103300094604,
    "sec_back": 1.0996880854500664,
    "sec_left": 1.1406765853034126,
    "sec_upper": 0.9394644822014703,
    "sec_lower": 0.5444880253738827
  },
  "swap": {
    "MAE": 1.108485352728102,
    "MAE_plain": 0.9225920550028484,
    "RMSE": 1.6169136889541267,
    "AbsRel": 0.79007080078125,
    "delta1": 0.36359883785247804,
    "SILog": 0.6963046791818407,
    "MAE_ffx": 1.063474523756239,
    "MAE_low": 0.9618134556876289,
    "SHcoefL1": 0.38203437376146515,
    "sec_front": 1.0572080948617724,
    "sec_right": 1.1683201758066812,
    "sec_back": 1.0571331999037001,
    "sec_left": 1.151279903517829,
    "sec_upper": 0.9030109990967644,
    "sec_lower": 0.534506256977717,
    "swap_mirror_consistency": 0.3831090885937752
  }
}