{
  "test": {
    "MAE": 0.9300152084562514,
    "MAE_plain": 0.7850616065661112,
    "RMSE": 1.4609698555093562,
    "AbsRel": 0.5712058027585347,
    "delta1": 0.42486250665452746,
    "SILog": 0.5976260492536757,
    "MAE_ffx": 0.8859931421279907,
    "MAE_low": 0.8013264690505134,
    "SHcoefL1": 0.35884825274141297,
    "sec_front": 0.9488661124971178,
    "sec_right": 0.9084886508517795,
    "sec_back": 0.9689305742581685,
    "sec_left": 0.8937755274772644,
    "sec_upper": 0.8290460768010881,
    "sec_lower": 0.41423930181397334
  }
}