{
  "test": {
    "MAE": 0.9303618682755365,
    "MAE_plain": 0.7807335419125027,
    "RMSE": 1.4747389698531033,
    "AbsRel": 0.5475872308678097,
    "delta1": 0.41886614773008557,
    "SILog": 0.5952865399254693,
    "MAE_ffx": 0.8847238315476311,
    "MAE_low": 0.8032619394196404,
    "SHcoefL1": 0.36047948730074697,
    "sec_front": 0.9332608890533447,
    "sec_right": 0.9160301677385966,
    "sec_back": 0.961367891629537,
    "sec_left": 0.9107885384559631,
    "sec_upper": 0.8120070236259037,
    "sec_lower": 0.410246442688836
  }
}