{
  "test": {
    "MAE": 0.9343321855862935,
    "MAE_plain": 0.7810792803764344,
    "RMSE": 1.4475299323635544,
    "AbsRel": 0.5748448174529606,
    "delta1": 0.4172959245575799,
    "SILog": 0.5937469030751122,
    "MAE_ffx": 0.8904135139783224,
    "MAE_low": 0.8036461848682828,
    "SHcoefL1": 0.35579495458760196,
    "sec_front": 0.9357444145944384,
    "sec_right": 0.9250750395986769,
    "sec_back": 0.9552094422446357,
    "sec_left": 0.9212998649809095,
    "sec_upper": 0.803704963657591,
    "sec_lower": 0.40819919758372836
  },
  "alpha": 0.0
}