{
  "test": {
    "MAE": 0.9219838651021321,
    "MAE_plain": 0.7756530703438653,
    "RMSE": 1.433611142570055,
    "AbsRel": 0.5998768397172292,
    "delta1": 0.42735938045713634,
    "SILog": 0.5902976139386495,
    "MAE_ffx": 0.8786952259805467,
    "MAE_low": 0.7900479653146532,
    "SHcoefL1": 0.3511223306030863,
    "sec_front": 0.9414779994222853,
    "sec_right": 0.8932815832561917,
    "sec_back": 0.9623521455128987,
    "sec_left": 0.890823725329505,
    "sec_upper": 0.8120523318979476,
    "sec_lower": 0.4110928251345952
  }
}