{
  "test": {
    "MAE": 0.9219838651021321,
    "MAE_plain": 0.7756530703438653,
    "RMSE": 1.433611142570055,
    "AbsRel": 0.5998768397172292,
    "delta1": 0.42735938045713634,
    "SILog": 0.5902976139386495,
    "MAE_ffx": 0.8786952259805467,
    "MAE_low": 0.7900479653146532,
    "SHcoefL1": 0.3511223306030863,
    "sec_front": 0.9414779994222853,
    "sec_right": 0.8932815832561917,
    "sec_back": 0.9623521455128987,
    "sec_left": 0.890823725329505,
    "sec_upper": 0.8120523318979476,
    "sec_lower": 0.4110928251345952
  },
  "mono": {
    "MAE": 1.0798473162121243,
    "MAE_plain": 0.8917093986935086,
    "RMSE": 1.6146992162960496,
    "AbsRel": 0.7947427074114481,
    "delta1": 0.3869066282113393,
    "SILog": 0.6643938810295529,
    "MAE_ffx": 1.0399036894904243,
    "MAE_low": 0.9434107078446282,
    "SHcoefL1": 0.40678583927245604,
    "sec_front": 1.0048313328954908,
    "sec_right": 1.1360587578349644,
    "sec_back": 1.0045518930753072,
    "sec_left": 1.1739472516377767,
    "sec_upper": 0.8622021497620477,
    "sec_lower": 0.46999341156747604
  },
  "left": {
    "MAE": 1.0971734841664633,
    "MAE_plain": 0.9059903809759352,
    "RMSE": 1.6340150171779533,
    "AbsRel": 0.8135281746917301,
    "delta1": 0.3810824231306712,
    "SILog": 0.6731988986333212,
    "MAE_ffx": 1.0572389321857028,
    "MAE_low": 0.9606416114171346,
    "SHcoefL1": 0.4127124983237849,
    "sec_front": 1.02431498448054,
    "sec_right": 1.1721840551164415,
    "sec_back": 1.014760345088111,
    "sec_left": 1.1774344982041254,
    "sec_upper": 0.8742739915847778,
    "sec_lower": 0.47516835345162284
  },
  "right": {
    "MAE": 1.102027587890625,
    "MAE_plain": 0.9086064293649462,
    "RMSE": 1.6374955310142347,
    "AbsRel": 0.8264219509230719,
    "delta1": 0.3817517466015286,
    "SILog": 0.6737479874822828,
    "MAE_ffx": 1.0624532066451178,
    "MAE_low": 0.9646857399410672,
    "SHcoefL1": 0.4136346347340279,
    "sec_front": 1.018464081817203,
    "sec_right": 1.164665633837382,
    "sec_back": 1.0261066497696771,
    "sec_left": 1.1988739946153428,
    "sec_upper": 0.8774687100781334,
    "sec_lower": 0.47405353294478525
  },
  "shuffle": {
    "MAE": 1.1134102318021986,
    "MAE_plain": 0.9176087199317084,
    "RMSE": 1.6482721888112892,
    "AbsRel": 0.7729814655250973,
    "delta1": 0.3571944246027205,
    "SILog": 0.7090594863891602,
    "MAE_ffx": 1.0682994498146905,
    "MAE_low": 0.982541241115994,
    "SHcoefL1": 0.3959788914500839,
    "sec_front": 1.0984641983773973,
    "sec_right": 1.1209212154812283,
    "sec_back": 1.0885559394624498,
    "sec_left": 1.1456995497809517,
    "sec_upper": 0.9270661316977606,
    "sec_lower": 0.4792353732056088
  },
  "swap": {
    "MAE": 1.1125508557425605,
    "MAE_plain": 0.9106743971506754,
    "RMSE": 1.6470336114970776,
    "AbsRel": 0.7654342481825087,
    "delta1": 0.36078402241071067,
    "SILog": 0.7020600236786736,
    "MAE_ffx": 1.0673926864729988,
    "MAE_low": 0.9824761075443692,
    "SHcoefL1": 0.38995404379028414,
    "sec_front": 1.0321568277147082,
    "sec_right": 1.1825445191065471,
    "sec_back": 1.0375945615768432,
    "sec_left": 1.197907436688741,
    "sec_upper": 0.8976107531123692,
    "sec_lower": 0.4756781876087189,
    "swap_mirror_consistency": 0.2871911307833007
  }
}