{
  "mean_of_K": 0.8153039280573527,
  "best_of_K": 0.8153039280573527,
  "best_of_K_ctrl": 0.8692833418316311,
  "oracle_gain": 0.0,
  "oracle_gain_ctrl": -0.05397941377427843,
  "real_multimodal_gain": 0.05397941377427843,
  "per_head_mae": [
    0.8153039280573527
  ],
  "diversity": NaN,
  "uncert_corr": 0.6554882757917974,
  "baseline_det": 0.78,
  "vs_baseline_meanK": 0.03530392805735272,
  "vs_baseline_bestK": 0.03530392805735272,
  "calib_bins": [
    0.20618251064825588,
    0.5426256608457635,
    0.8939011535295205,
    1.257170523105918,
    1.5026475619554807,
    1.7220283161425316,
    1.953180993651004,
    2.190983229863616,
    2.422453568752015,
    2.5567028622714583
  ]
}