{
  "test": {
    "MAE": 0.9524701656235589,
    "RMSE": 1.48658689639371,
    "AbsRel": 0.5641441664430831,
    "delta1": 0.40380078448189627,
    "SILog": 0.6126111630598704,
    "MAE_ffx": 0.9076816108491685,
    "MAE_low": 0.826619176864624,
    "SHcoefL1": 0.3653531529381871,
    "sec_front": 0.9587262119187249,
    "sec_right": 0.9483189797401428,
    "sec_back": 0.9844500255584717,
    "sec_left": 0.9183853981229994,
    "sec_upper": 0.8372449604670207,
    "sec_lower": 0.4232591104507446
  }
}