{
  "test": {
    "MAE": 0.9273614414532979,
    "MAE_plain": 0.7843924620416429,
    "RMSE": 1.4796247637935942,
    "AbsRel": 0.5518270568052928,
    "delta1": 0.4350663513607449,
    "SILog": 0.6039492412408193,
    "MAE_ffx": 0.8835371989674038,
    "mirror_better_rate": 0.24472222222222223,
    "mae_gain_if_mirrored": 0.013444775152537558,
    "MAE_low": 0.8020453842480978,
    "SHcoefL1": 0.3615825083789726,
    "sec_front": 0.950382538901435,
    "sec_left": 0.9063767255677118,
    "sec_back": 0.9599751570489672,
    "sec_right": 0.8927113284005059,
    "sec_upper": 0.8267907147937351,
    "sec_lower": 0.40677719076474506
  }
}