{
  "test": {
    "MAE": 0.925264809926351,
    "MAE_plain": 0.7755409230126274,
    "RMSE": 1.4494451172649878,
    "AbsRel": 0.5658702776167128,
    "delta1": 0.42650254435009427,
    "SILog": 0.6010781383514404,
    "MAE_ffx": 0.8820618878470526,
    "mirror_better_rate": 0.2947222222222222,
    "mae_gain_if_mirrored": 0.01768231371210681,
    "MAE_low": 0.794028906027476,
    "SHcoefL1": 0.35511050826973384,
    "sec_front": 0.9289949809180366,
    "sec_left": 0.9109060605367024,
    "sec_back": 0.9559685267342461,
    "sec_right": 0.9051896545622083,
    "sec_upper": 0.8047127979331546,
    "sec_lower": 0.40508383300569323
  },
  "mono": {
    "MAE": 1.0046816356976827,
    "MAE_plain": 0.8358760476112366,
    "RMSE": 1.535868427074291,
    "AbsRel": 0.6438229148917728,
    "delta1": 0.3921827019585504,
    "SILog": 0.6541570085949368,
    "MAE_ffx": 0.9610299878650241,
    "mirror_better_rate": 0.5019444444444444,
    "mae_gain_if_mirrored": 0.03023579322629505,
    "MAE_low": 0.8747822584046258,
    "SHcoefL1": 0.37524843071690867,
    "sec_front": 0.9741151722272238,
    "sec_left": 1.0135076928138733,
    "sec_back": 1.0150853713353476,
    "sec_right": 1.0160182478692796,
    "sec_upper": 0.8545119222005209,
    "sec_lower": 0.43476772612995573
  },
  "shuffle": {
    "MAE": 1.130644786622789,
    "MAE_plain": 0.9281257028049893,
    "RMSE": 1.6826927457821643,
    "AbsRel": 0.7616539822684394,
    "delta1": 0.35449622909228007,
    "SILog": 0.742106609609392,
    "MAE_ffx": 1.0854054731792875,
    "mirror_better_rate": 0.49333333333333335,
    "mae_gain_if_mirrored": 0.05320084502299627,
    "MAE_low": 1.0015898389286466,
    "SHcoefL1": 0.4025877510549294,
    "sec_front": 1.1224239513609144,
    "sec_left": 1.1229358010821873,
    "sec_back": 1.1289272276560465,
    "sec_right": 1.1482920657263862,
    "sec_upper": 0.9259209071265326,
    "sec_lower": 0.4841735464996762
  },
  "swap": {
    "MAE": 1.09015819284651,
    "MAE_plain": 0.8940766670968797,
    "RMSE": 1.6426373076181955,
    "AbsRel": 0.7110697331693437,
    "delta1": 0.36882724245389303,
    "SILog": 0.7118721747398377,
    "MAE_ffx": 1.0450009645356073,
    "mirror_better_rate": 0.6983333333333334,
    "mae_gain_if_mirrored": 0.1264989287323422,
    "MAE_low": 0.9628419028388129,
    "SHcoefL1": 0.3899741768464446,
    "sec_front": 1.0122744970851474,
    "sec_left": 1.1481923246383667,
    "sec_back": 1.0269413852691651,
    "sec_right": 1.173224582672119,
    "sec_upper": 0.880645604663425,
    "sec_lower": 0.4671599368254344
  }
}