{
  "test": {
    "MAE": 0.9182131799062093,
    "MAE_plain": 0.7756420305040148,
    "RMSE": 1.4428359570877072,
    "AbsRel": 0.5829237430625491,
    "delta1": 0.4398076229625278,
    "SILog": 0.59122524605857,
    "MAE_ffx": 0.8764183330535888,
    "MAE_low": 0.7899661122428047,
    "SHcoefL1": 0.35626075544911956,
    "sec_front": 0.9403422670894199,
    "sec_right": 0.8888232753011915,
    "sec_back": 0.9593577803505792,
    "sec_left": 0.8843293664190505,
    "sec_upper": 0.8034442116154564,
    "sec_lower": 0.4109223900900947
  }
}