{
  "test": {
    "MAE": 0.9429764533042908,
    "MAE_plain": 0.7906625164879693,
    "RMSE": 1.4505693272399691,
    "AbsRel": 0.592949180205663,
    "delta1": 0.41616063965691463,
    "SILog": 0.5973150012228224,
    "MAE_ffx": 0.9003151398234898,
    "MAE_low": 0.8112699513965183,
    "SHcoefL1": 0.35708018386322593,
    "sec_front": 0.9470986225869921,
    "sec_right": 0.9152905880080329,
    "sec_back": 0.9645768565601772,
    "sec_left": 0.94493973520067,
    "sec_upper": 0.8220273503992293,
    "sec_lower": 0.41212809767987996
  },
  "alpha": 0.0
}