{
  "test": {
    "MAE": 1.1552373557620579,
    "RMSE": 1.6751280959843913,
    "AbsRel": 0.8358285963535309,
    "delta1": 0.33969712336858116,
    "SILog": 0.6908094718721178,
    "MAE_ffx": 1.1038441377215915,
    "MAE_low": 1.035724352200826,
    "SHcoefL1": 0.39097020250227715,
    "sec_front": 1.158728256755405,
    "sec_right": 1.1542331473032634,
    "sec_back": 1.155626629193624,
    "sec_left": 1.152361388206482,
    "sec_upper": 1.102221593591902,
    "sec_lower": 0.4853089776304033
  }
}