{
  "test": {
    "MAE": 0.9418591364224752,
    "MAE_plain": 0.7884396251042683,
    "RMSE": 1.4476457550697794,
    "AbsRel": 0.5958760772811041,
    "delta1": 0.4144555285241869,
    "SILog": 0.598307873805364,
    "MAE_ffx": 0.8975428949462043,
    "MAE_low": 0.8075798691643609,
    "SHcoefL1": 0.3542935913180312,
    "sec_front": 0.9447985156377157,
    "sec_right": 0.9314992141723633,
    "sec_back": 0.9651029804017809,
    "sec_left": 0.9260358532269796,
    "sec_upper": 0.8082821624808841,
    "sec_lower": 0.41756148205863103
  },
  "alpha": 0.0
}