{
  "test": {
    "MAE": 0.9567820411258273,
    "MAE_plain": 0.8065770565138923,
    "RMSE": 1.4874573689460429,
    "AbsRel": 0.572099732293023,
    "delta1": 0.4071589803695679,
    "SILog": 0.6063927218649122,
    "MAE_ffx": 0.9130344679620531,
    "MAE_low": 0.8292499770058526,
    "SHcoefL1": 0.36400277063457503,
    "sec_front": 0.9679090327686733,
    "sec_right": 0.9388520444764031,
    "sec_back": 0.9845666824446784,
    "sec_left": 0.9358003809716966,
    "sec_upper": 0.8520750771628486,
    "sec_lower": 0.41164983868598937
  }
}