{
  "test": {
    "MAE": 0.9255237319734362,
    "MAE_plain": 0.77766934633255,
    "RMSE": 1.4529735949660256,
    "AbsRel": 0.5621908287207286,
    "delta1": 0.425392427444458,
    "SILog": 0.5943804273340437,
    "MAE_ffx": 0.8818616358439128,
    "MAE_low": 0.7958739889992608,
    "SHcoefL1": 0.3550197389266557,
    "sec_front": 0.9329295616679721,
    "sec_right": 0.9002223126093547,
    "sec_back": 0.9622326710489061,
    "sec_left": 0.9067103907797072,
    "sec_upper": 0.8184955373075273,
    "sec_lower": 0.4040684250328276
  }
}