{
  "test": {
    "MAE": 0.9291675530539618,
    "MAE_plain": 0.7780695904625786,
    "RMSE": 1.4435630173925453,
    "AbsRel": 0.5877806312508054,
    "delta1": 0.4277343561914232,
    "SILog": 0.5962807808982001,
    "MAE_ffx": 0.8862688149346246,
    "MAE_low": 0.7951499806510077,
    "SHcoefL1": 0.35489501748647956,
    "sec_front": 0.9605367504225837,
    "sec_right": 0.8941828587320115,
    "sec_back": 0.9658577561378479,
    "sec_left": 0.8960928601688809,
    "sec_upper": 0.8077345400386386,
    "sec_lower": 0.40524137059847515
  },
  "mono": {
    "MAE": 1.05129869778951,
    "MAE_plain": 0.8750774105389912,
    "RMSE": 1.5738605217053727,
    "AbsRel": 0.7537537901931339,
    "delta1": 0.38311794731352067,
    "SILog": 0.659609254333708,
    "MAE_ffx": 1.00764670530955,
    "MAE_low": 0.9176711718241374,
    "SHcoefL1": 0.39226800983978644,
    "sec_front": 0.9977762826283773,
    "sec_right": 1.1185095063845316,
    "sec_back": 1.0047851294941372,
    "sec_left": 1.0841237971517774,
    "sec_upper": 0.8797331751717461,
    "sec_lower": 0.4578193085723453
  },
  "left": {
    "MAE": 1.0615522705184088,
    "MAE_plain": 0.8876556078592936,
    "RMSE": 1.5855716608376174,
    "AbsRel": 0.7616504218843249,
    "delta1": 0.3773506005605062,
    "SILog": 0.6634965842299991,
    "MAE_ffx": 1.0169928852717083,
    "MAE_low": 0.9299685396088494,
    "SHcoefL1": 0.39289077425789504,
    "sec_front": 1.0177217070261637,
    "sec_right": 1.130047499338786,
    "sec_back": 1.0173954857720269,
    "sec_left": 1.0810443626509771,
    "sec_upper": 0.9016593546337551,
    "sec_lower": 0.46512640357017515
  },
  "right": {
    "MAE": 1.0676237728860642,
    "MAE_plain": 0.8912381874190436,
    "RMSE": 1.5920424477238688,
    "AbsRel": 0.7737664255830977,
    "delta1": 0.3781012100643582,
    "SILog": 0.6643172389931149,
    "MAE_ffx": 1.023650963306427,
    "MAE_low": 0.9354709969626532,
    "SHcoefL1": 0.395576261209531,
    "sec_front": 1.0167451739311217,
    "sec_right": 1.1218396231863235,
    "sec_back": 1.0234382393625048,
    "sec_left": 1.1084719700283474,
    "sec_upper": 0.8973440119955275,
    "sec_lower": 0.4670395982265472
  },
  "shuffle": {
    "MAE": 1.1232334089279175,
    "MAE_plain": 0.9223857606781853,
    "RMSE": 1.660954846021642,
    "AbsRel": 0.7783401505152384,
    "delta1": 0.3567883857091268,
    "SILog": 0.7258820854292976,
    "MAE_ffx": 1.0786704778671266,
    "MAE_low": 0.9910720298025343,
    "SHcoefL1": 0.3977204242783288,
    "sec_front": 1.1302665148841011,
    "sec_right": 1.1206467956966824,
    "sec_back": 1.1110198534859552,
    "sec_left": 1.1310004896587795,
    "sec_upper": 0.9233156185679966,
    "sec_lower": 0.4812897770934635
  },
  "swap": {
    "MAE": 1.1038021559185451,
    "MAE_plain": 0.9032880314191183,
    "RMSE": 1.6351540429802798,
    "AbsRel": 0.7604289180702634,
    "delta1": 0.36488061626752216,
    "SILog": 0.7078680695427788,
    "MAE_ffx": 1.0593050286504957,
    "MAE_low": 0.9716202447149489,
    "SHcoefL1": 0.3892237144522369,
    "sec_front": 1.0449213388231064,
    "sec_right": 1.1535085535049439,
    "sec_back": 1.048517968389723,
    "sec_left": 1.1682607078552245,
    "sec_upper": 0.8841036738289727,
    "sec_lower": 0.4723334883319007,
    "swap_mirror_consistency": 0.2686823069307043
  }
}