{
  "test": {
    "MAE": 0.9920056509971619,
    "MAE_plain": 0.829325164159139,
    "RMSE": 1.5028533980652672,
    "AbsRel": 0.660182565583123,
    "delta1": 0.391580163107978,
    "SILog": 0.6262203028466966,
    "MAE_ffx": 0.9457766434881423,
    "mirror_better_rate": 0.4936111111111111,
    "mae_gain_if_mirrored": 0.0015026480787330204,
    "MAE_low": 0.8622050796614753,
    "SHcoefL1": 0.36705233665390147,
    "sec_front": 0.9731752824783325,
    "sec_left": 1.0046539947721693,
    "sec_back": 0.9844635876019796,
    "sec_right": 1.0057296980751886,
    "sec_upper": 0.8493555858400132,
    "sec_lower": 0.43861371172799
  },
  "mono": {
    "MAE": 1.0063357308175829,
    "MAE_plain": 0.8435980727937487,
    "RMSE": 1.520185366908964,
    "AbsRel": 0.6833637064033085,
    "delta1": 0.3881276949246724,
    "SILog": 0.6385142784648471,
    "MAE_ffx": 0.9602937232123481,
    "mirror_better_rate": 0.5016666666666667,
    "mae_gain_if_mirrored": 0.0016206553785337342,
    "MAE_low": 0.8769346838527255,
    "SHcoefL1": 0.37091285640166866,
    "sec_front": 0.9948250561290317,
    "sec_left": 1.014219084845649,
    "sec_back": 0.9977782323625353,
    "sec_right": 1.0185204943021138,
    "sec_upper": 0.8685102164745331,
    "sec_lower": 0.4444586616092258
  },
  "left": {
    "MAE": 1.0356755836804707,
    "MAE_plain": 0.869171015686459,
    "RMSE": 1.5508023301407592,
    "AbsRel": 0.7231949195596907,
    "delta1": 0.37997125095791284,
    "SILog": 0.6548744474516974,
    "MAE_ffx": 0.9901819165547688,
    "mirror_better_rate": 0.5075,
    "mae_gain_if_mirrored": 0.0017112870845529767,
    "MAE_low": 0.9067343515819973,
    "SHcoefL1": 0.37905712442265616,
    "sec_front": 1.0203029425938923,
    "sec_left": 1.047772376007504,
    "sec_back": 1.0314816988839044,
    "sec_right": 1.0431453336609735,
    "sec_upper": 0.8966409283214145,
    "sec_lower": 0.4573500038517846
  },
  "right": {
    "MAE": 1.0595413692792257,
    "MAE_plain": 0.8858383189307318,
    "RMSE": 1.585764985792371,
    "AbsRel": 0.7624302460087671,
    "delta1": 0.3779870824019114,
    "SILog": 0.664343867301941,
    "MAE_ffx": 1.0148824146058824,
    "mirror_better_rate": 0.5002777777777778,
    "mae_gain_if_mirrored": 0.001639701161119673,
    "MAE_low": 0.9299226403236389,
    "SHcoefL1": 0.3850764895768629,
    "sec_front": 1.051583348910014,
    "sec_left": 1.0649924182891846,
    "sec_back": 1.0464148553212484,
    "sec_right": 1.0751747316784328,
    "sec_upper": 0.9037931945588854,
    "sec_lower": 0.46132514437039696
  },
  "shuffle": {
    "MAE": 1.0694487606154548,
    "MAE_plain": 0.8889276340272692,
    "RMSE": 1.593557570734164,
    "AbsRel": 0.7450955772399902,
    "delta1": 0.3688081803586748,
    "SILog": 0.6791927369435629,
    "MAE_ffx": 1.0226475625567966,
    "mirror_better_rate": 0.45,
    "mae_gain_if_mirrored": 0.001206808305448956,
    "MAE_low": 0.9411385650104946,
    "SHcoefL1": 0.3812993705562419,
    "sec_front": 1.0799644957648382,
    "sec_left": 1.0605102099312675,
    "sec_back": 1.0759871821933322,
    "sec_right": 1.0613331815931533,
    "sec_upper": 0.9074761933750577,
    "sec_lower": 0.46655849840905933
  },
  "swap": {
    "MAE": 1.006016001171536,
    "MAE_plain": 0.8409349905120002,
    "RMSE": 1.5202277157410655,
    "AbsRel": 0.6737049653795031,
    "delta1": 0.3875887129041884,
    "SILog": 0.6358678175343407,
    "MAE_ffx": 0.9600111924277411,
    "mirror_better_rate": 0.5080555555555556,
    "mae_gain_if_mirrored": 0.0015604429981774753,
    "MAE_low": 0.8765380673938328,
    "SHcoefL1": 0.37030929858071937,
    "sec_front": 0.9868306461970011,
    "sec_left": 1.0133538876639472,
    "sec_back": 1.0032004136509365,
    "sec_right": 1.0206790357165867,
    "sec_upper": 0.860737482574251,
    "sec_lower": 0.44302594939867657,
    "swap_mirror_consistency": 0.17099125194113377
  }
}