{
  "test": {
    "MAE": 0.9920056509971619,
    "MAE_plain": 0.829325164159139,
    "RMSE": 1.5028533980652672,
    "AbsRel": 0.660182565583123,
    "delta1": 0.391580163107978,
    "SILog": 0.6262203028466966,
    "MAE_ffx": 0.9457766434881423,
    "MAE_low": 0.8622050796614753,
    "SHcoefL1": 0.36705233665390147,
    "sec_front": 0.9731752824783325,
    "sec_right": 1.0046539947721693,
    "sec_back": 0.9844635876019796,
    "sec_left": 1.0057296980751886,
    "sec_upper": 0.8493555858400132,
    "sec_lower": 0.43861371172799
  }
}