{
  "test": {
    "MAE": 0.9199023726251391,
    "MAE_plain": 0.774536063671112,
    "RMSE": 1.4707324051416104,
    "AbsRel": 0.5199252859751383,
    "delta1": 0.4264400137795342,
    "SILog": 0.5892106454902225,
    "MAE_ffx": 0.8759567835595873,
    "MAE_low": 0.7948961159918043,
    "SHcoefL1": 0.3596326246836947,
    "sec_front": 0.9335571241378784,
    "sec_right": 0.8980461022588941,
    "sec_back": 0.9539581436581082,
    "sec_left": 0.894048060046302,
    "sec_upper": 0.8035199480586582,
    "sec_lower": 0.40697772211498684
  }
}