{
  "Aunet_s0": {
    "raw": 0.780103186501397,
    "offset": 0.7965417713589138,
    "affine": 0.7620605850219726,
    "mirror": 0.7634964731004503,
    "vflip": 0.774377568297916,
    "bestroll": 0.7121879540549384,
    "bestroll_ctrl": 0.7052145952648586,
    "raw_ctrl": 0.9035384893417359,
    "const_GTmean": 1.0048711172739664,
    "const_globalmu": 1.1305316315756904
  },
  "A13_ipd5_s0": {
    "raw": 0.7878872542911106,
    "offset": 0.8048265202840169,
    "affine": 0.7668141259087456,
    "mirror": 0.7707991785473294,
    "vflip": 0.7806434530682034,
    "bestroll": 0.71527179479599,
    "bestroll_ctrl": 0.7104089328977796,
    "raw_ctrl": 0.9217494177818298,
    "const_GTmean": 1.0048711172739664,
    "const_globalmu": 1.1305316315756904
  }
}