{
  "test": {
    "MAE": 0.920712059073978,
    "MAE_plain": 0.772557499938541,
    "RMSE": 1.4620711525941503,
    "AbsRel": 0.5535393900341458,
    "delta1": 0.4322573418087429,
    "SILog": 0.5948592400550843,
    "MAE_ffx": 0.8764925148752001,
    "MAE_low": 0.7919898920589024,
    "SHcoefL1": 0.35667336066046523,
    "sec_front": 0.9398096632957459,
    "sec_right": 0.8863647233115303,
    "sec_back": 0.9538402994473775,
    "sec_left": 0.9028335491816203,
    "sec_upper": 0.8040320306354098,
    "sec_lower": 0.4028644014729394
  }
}