{
  "test": {
    "MAE": 0.9239403035905626,
    "MAE_plain": 0.7789629273944431,
    "RMSE": 1.4490786088157936,
    "AbsRel": 0.5773028877046373,
    "delta1": 0.42693363269170126,
    "SILog": 0.5921284357706705,
    "MAE_ffx": 0.8786529233720568,
    "MAE_low": 0.7946831059455871,
    "SHcoefL1": 0.35373980993198023,
    "sec_front": 0.9426024360126919,
    "sec_right": 0.8981518525547452,
    "sec_back": 0.9590078552563985,
    "sec_left": 0.8959990869628058,
    "sec_upper": 0.8145595468415154,
    "sec_lower": 0.410672674841351
  }
}