{
  "test": {
    "MAE": 0.9239403035905626,
    "RMSE": 1.4490786088157936,
    "AbsRel": 0.5773028877046373,
    "delta1": 0.42693363269170126,
    "SILog": 0.5921284357706705,
    "MAE_ffx": 0.8786529233720568,
    "MAE_low": 0.7946831059455871,
    "SHcoefL1": 0.35373980993198023,
    "sec_front": 0.9426024360126919,
    "sec_right": 0.8981518525547452,
    "sec_back": 0.9590078552563985,
    "sec_left": 0.8959990869628058,
    "sec_upper": 0.8145595468415154,
    "sec_lower": 0.410672674841351
  },
  "mono": {
    "MAE": 1.0542420095867582,
    "RMSE": 1.5969847718273829,
    "AbsRel": 0.6952352672153049,
    "delta1": 0.37405371533499826,
    "SILog": 0.6652471114529503,
    "MAE_ffx": 1.0069470519489712,
    "MAE_low": 0.9269571397039625,
    "SHcoefL1": 0.39321811011474994,
    "sec_front": 1.0175624473889668,
    "sec_right": 1.069083120557997,
    "sec_back": 1.0398738299475776,
    "sec_left": 1.0904486359490289,
    "sec_upper": 0.9072375610139635,
    "sec_lower": 0.4725490178002252
  },
  "left": {
    "MAE": 1.058629036479526,
    "RMSE": 1.5851113998320823,
    "AbsRel": 0.7263973649342855,
    "delta1": 0.37228608303599886,
    "SILog": 0.6621427203549279,
    "MAE_ffx": 1.0112016161282857,
    "MAE_low": 0.9307117562823826,
    "SHcoefL1": 0.3888607471374174,
    "sec_front": 1.031868675549825,
    "sec_right": 1.0884124657842849,
    "sec_back": 1.037612603240543,
    "sec_left": 1.0766224087609184,
    "sec_upper": 0.9236595503489177,
    "sec_lower": 0.47810096820195513
  },
  "right": {
    "MAE": 1.0646906781196595,
    "RMSE": 1.5914096829564064,
    "AbsRel": 0.7365486325158013,
    "delta1": 0.3711934452586704,
    "SILog": 0.6671824844678244,
    "MAE_ffx": 1.0173535307248434,
    "MAE_low": 0.9365906479623582,
    "SHcoefL1": 0.39049365544691683,
    "sec_front": 1.034993863105774,
    "sec_right": 1.0754378655221728,
    "sec_back": 1.0418068493737114,
    "sec_left": 1.1065241037474738,
    "sec_upper": 0.9299020685089959,
    "sec_lower": 0.48053731732898286
  },
  "shuffle": {
    "MAE": 1.1062142716513739,
    "RMSE": 1.6453813988871584,
    "AbsRel": 0.754464023510615,
    "delta1": 0.3587392724884881,
    "SILog": 0.7153267643186781,
    "MAE_ffx": 1.0594738430447048,
    "MAE_low": 0.977872957918379,
    "SHcoefL1": 0.3950268897269335,
    "sec_front": 1.0910246555010479,
    "sec_right": 1.1104510667588976,
    "sec_back": 1.1000730694664849,
    "sec_left": 1.1233082379235162,
    "sec_upper": 0.920384516980913,
    "sec_lower": 0.48819123533036973
  },
  "swap": {
    "MAE": 1.0922403155432807,
    "RMSE": 1.6286995945307097,
    "AbsRel": 0.7419855393303765,
    "delta1": 0.3664525824122959,
    "SILog": 0.6989432059393988,
    "MAE_ffx": 1.0459212597211203,
    "MAE_low": 0.9640645628505283,
    "SHcoefL1": 0.3871036271833711,
    "sec_front": 1.0207463738653395,
    "sec_right": 1.1626180272632176,
    "sec_back": 1.0225555072890387,
    "sec_left": 1.1630413410398694,
    "sec_upper": 0.8859072658750746,
    "sec_lower": 0.4784658428033193,
    "swap_mirror_consistency": 0.2804858449640926
  }
}