{
  "test": {
    "MAE": 0.9491634922557407,
    "MAE_plain": 0.8021570632192824,
    "RMSE": 1.4823165774498337,
    "AbsRel": 0.5610554345448812,
    "delta1": 0.41624431292215985,
    "SILog": 0.6106411200099521,
    "MAE_ffx": 0.9050902795791625,
    "MAE_low": 0.8199941407309638,
    "SHcoefL1": 0.3611241811969214,
    "sec_front": 0.9557643747329712,
    "sec_right": 0.9284636733267042,
    "sec_back": 0.9792249515321519,
    "sec_left": 0.9332009959220886,
    "sec_upper": 0.8575253915786744,
    "sec_lower": 0.4097722246911791
  }
}