{
  "test": {
    "MAE": 0.9188038569026523,
    "MAE_plain": 0.7697011550267537,
    "RMSE": 1.4496163186766153,
    "AbsRel": 0.5675036138958401,
    "delta1": 0.43405801799562244,
    "SILog": 0.592063967651791,
    "MAE_ffx": 0.8751098362604777,
    "MAE_low": 0.7898149416181777,
    "SHcoefL1": 0.35400692066384687,
    "sec_front": 0.9315405986044142,
    "sec_right": 0.9060567797554864,
    "sec_back": 0.9485842763053046,
    "sec_left": 0.8890337385071648,
    "sec_upper": 0.7879521346092224,
    "sec_lower": 0.4113082100285424
  }
}