{
  "test": {
    "MAE": 0.9289710738923814,
    "MAE_plain": 0.7791499598821005,
    "RMSE": 1.4774400854628553,
    "AbsRel": 0.5334524745411343,
    "delta1": 0.4212726126776801,
    "SILog": 0.598009983698527,
    "MAE_ffx": 0.8842122689882914,
    "MAE_low": 0.8041974104775322,
    "SHcoefL1": 0.36151367015308805,
    "sec_front": 0.94264049132665,
    "sec_right": 0.9140360678566827,
    "sec_back": 0.9581815968619453,
    "sec_left": 0.9010261442926195,
    "sec_upper": 0.8116157140996721,
    "sec_lower": 0.40239798333909776
  },
  "alpha": 0.28746500611305237
}