{
  "test": {
    "MAE": 0.9266005820698209,
    "MAE_plain": 0.781052520804935,
    "RMSE": 1.453480836375234,
    "AbsRel": 0.5553669725524054,
    "delta1": 0.42476238992479115,
    "SILog": 0.5902277849780189,
    "MAE_ffx": 0.8835789926846822,
    "MAE_low": 0.7982267183727688,
    "SHcoefL1": 0.356624624778827,
    "sec_front": 0.939516527387831,
    "sec_right": 0.8967461763487922,
    "sec_back": 0.9619303766886393,
    "sec_left": 0.908209199640486,
    "sec_upper": 0.8118324957953559,
    "sec_lower": 0.41341815339194404
  }
}