{
  "test": {
    "MAE": 0.9266005820698209,
    "MAE_plain": 0.781052520804935,
    "RMSE": 1.453480836375234,
    "AbsRel": 0.5553669725524054,
    "delta1": 0.42476238992479115,
    "SILog": 0.5902277849780189,
    "MAE_ffx": 0.8835789926846822,
    "mirror_better_rate": 0.29055555555555557,
    "mae_gain_if_mirrored": 0.017088081538677215,
    "MAE_low": 0.7982267183727688,
    "SHcoefL1": 0.356624624778827,
    "sec_front": 0.939516527387831,
    "sec_left": 0.8967461763487922,
    "sec_back": 0.9619303766886393,
    "sec_right": 0.908209199640486,
    "sec_upper": 0.8118324957953559,
    "sec_lower": 0.41341815339194404
  },
  "mono": {
    "MAE": 2.0716349352730643,
    "MAE_plain": 1.8052999390496147,
    "RMSE": 3.027120745996489,
    "AbsRel": 1.6137031197547913,
    "delta1": 0.27269707679748534,
    "SILog": 0.889622970951928,
    "MAE_ffx": 2.0467851140764024,
    "mirror_better_rate": 0.5013888888888889,
    "mae_gain_if_mirrored": 0.019813964515924452,
    "MAE_low": 1.9352895731396145,
    "SHcoefL1": 0.7774524968862534,
    "sec_front": 1.2838988971710206,
    "sec_left": 2.9744601408640543,
    "sec_back": 1.366666611565484,
    "sec_right": 2.661513934665256,
    "sec_upper": 2.528297250535753,
    "sec_lower": 0.5080062366856469
  },
  "shuffle": {
    "MAE": 1.1466940625508626,
    "MAE_plain": 0.9458109731144375,
    "RMSE": 1.705917671060677,
    "AbsRel": 0.7739024980862935,
    "delta1": 0.35216208908292984,
    "SILog": 0.7393245302306282,
    "MAE_ffx": 1.101162633366055,
    "mirror_better_rate": 0.49805555555555553,
    "mae_gain_if_mirrored": 0.05907087143924501,
    "MAE_low": 1.0221124913957385,
    "SHcoefL1": 0.40865243999080525,
    "sec_front": 1.136295125749376,
    "sec_left": 1.1560396846135457,
    "sec_back": 1.125169308450487,
    "sec_right": 1.1692720460891723,
    "sec_upper": 0.9472746578852336,
    "sec_lower": 0.5018954704867469
  },
  "swap": {
    "MAE": 1.1057869095272488,
    "MAE_plain": 0.9134346291753981,
    "RMSE": 1.6757594930748676,
    "AbsRel": 0.6988519460625119,
    "delta1": 0.3594500622484419,
    "SILog": 0.7144583940505982,
    "MAE_ffx": 1.0595048666000366,
    "mirror_better_rate": 0.6827777777777778,
    "mae_gain_if_mirrored": 0.11261872871054543,
    "MAE_low": 0.9849523822466533,
    "SHcoefL1": 0.3973774099867377,
    "sec_front": 1.0377396149105496,
    "sec_left": 1.1551517830954658,
    "sec_back": 1.0571181848314073,
    "sec_right": 1.1731380213631524,
    "sec_upper": 0.907520079612732,
    "sec_lower": 0.483314569261339
  }
}