{
  "test": {
    "MAE": 0.9287457434336345,
    "MAE_plain": 0.7803935148980883,
    "RMSE": 1.4330119706497175,
    "AbsRel": 0.6101898442374335,
    "delta1": 0.4268119976255629,
    "SILog": 0.5898713635073768,
    "MAE_ffx": 0.8875922997792561,
    "MAE_low": 0.7973311792479622,
    "SHcoefL1": 0.35597252700891757,
    "sec_front": 0.9502682381206089,
    "sec_right": 0.9077245781156752,
    "sec_back": 0.9619666446579828,
    "sec_left": 0.8950234460830688,
    "sec_upper": 0.8104296848509047,
    "sec_lower": 0.41091770827770235
  },
  "mono": {
    "MAE": 1.1151096651289198,
    "MAE_plain": 0.9246637988090515,
    "RMSE": 1.663494430322471,
    "AbsRel": 0.81919565293524,
    "delta1": 0.3770157550440894,
    "SILog": 0.6730533621046279,
    "MAE_ffx": 1.0745338588290745,
    "MAE_low": 0.9871934416559007,
    "SHcoefL1": 0.4209029484685097,
    "sec_front": 1.0326387969652813,
    "sec_right": 1.2463939046859742,
    "sec_back": 1.0282041629155476,
    "sec_left": 1.1532017856174046,
    "sec_upper": 0.8860614146126641,
    "sec_lower": 0.5058498137527042
  },
  "left": {
    "MAE": 1.1015623029073078,
    "MAE_plain": 0.9178753161430359,
    "RMSE": 1.644225169822336,
    "AbsRel": 0.7978296732902527,
    "delta1": 0.37398134496476915,
    "SILog": 0.6706705943743387,
    "MAE_ffx": 1.0594621846410963,
    "MAE_low": 0.973873593542311,
    "SHcoefL1": 0.41290789511261716,
    "sec_front": 1.0405054836803012,
    "sec_right": 1.2247904968261718,
    "sec_back": 1.0319807595676846,
    "sec_left": 1.108972438706292,
    "sec_upper": 0.8927836630079481,
    "sec_lower": 0.5019895011848874
  },
  "right": {
    "MAE": 1.1199751440684,
    "MAE_plain": 0.930609831545088,
    "RMSE": 1.6752796425446,
    "AbsRel": 0.8266482321421306,
    "delta1": 0.3729437372419569,
    "SILog": 0.6759771532482571,
    "MAE_ffx": 1.0781433243221707,
    "MAE_low": 0.992606401708391,
    "SHcoefL1": 0.41939305153364936,
    "sec_front": 1.0412283788786993,
    "sec_right": 1.2196443292829726,
    "sec_back": 1.054017998907301,
    "sec_left": 1.165009855694241,
    "sec_upper": 0.8983866951200697,
    "sec_lower": 0.5028557554880778
  },
  "shuffle": {
    "MAE": 1.1271982696321277,
    "MAE_plain": 0.9274321577284071,
    "RMSE": 1.6671623333051648,
    "AbsRel": 0.8091242121325599,
    "delta1": 0.36477349559466044,
    "SILog": 0.7167211866378784,
    "MAE_ffx": 1.0838299141989813,
    "MAE_low": 0.9967535466618008,
    "SHcoefL1": 0.4016317377094593,
    "sec_front": 1.128336362308926,
    "sec_right": 1.1507880645328097,
    "sec_back": 1.0948514615164864,
    "sec_left": 1.1348171705669827,
    "sec_upper": 0.9286931729316712,
    "sec_lower": 0.4798866319656372
  },
  "swap": {
    "MAE": 1.111583009560903,
    "MAE_plain": 0.910224338637458,
    "RMSE": 1.6443281357403692,
    "AbsRel": 0.7933515391084883,
    "delta1": 0.3707760481039683,
    "SILog": 0.704351864390903,
    "MAE_ffx": 1.0684996853934394,
    "MAE_low": 0.9819288065698412,
    "SHcoefL1": 0.39291298801700275,
    "sec_front": 1.0335865373081632,
    "sec_right": 1.2079663933648004,
    "sec_back": 1.038024094104767,
    "sec_left": 1.1667549414104885,
    "sec_upper": 0.8858054629961649,
    "sec_lower": 0.4757771277427673,
    "swap_mirror_consistency": 0.2725569899242522
  }
}