{
  "test": {
    "MAE": 0.923557534482744,
    "MAE_plain": 0.7767948476473491,
    "RMSE": 1.4811616382416684,
    "AbsRel": 0.5246009087562561,
    "delta1": 0.4261239616076152,
    "SILog": 0.5908592106236352,
    "MAE_ffx": 0.8799036717414856,
    "mirror_better_rate": 0.25055555555555553,
    "mae_gain_if_mirrored": 0.015090110376477242,
    "MAE_low": 0.8015385508537293,
    "SHcoefL1": 0.36015630688311323,
    "sec_front": 0.9461881062719557,
    "sec_left": 0.9002966136402554,
    "sec_back": 0.958872550063663,
    "sec_right": 0.8888728502061632,
    "sec_upper": 0.8150012152724796,
    "sec_lower": 0.401853403184149
  }
}