{
  "test": {
    "MAE": 0.9459123574362861,
    "MAE_plain": 0.7873751057518853,
    "RMSE": 1.4599359893131698,
    "AbsRel": 0.5900942613018884,
    "delta1": 0.40855584780375165,
    "SILog": 0.5999847002824148,
    "MAE_ffx": 0.9012204024526808,
    "MAE_low": 0.8156450809372796,
    "SHcoefL1": 0.3561620806219677,
    "sec_front": 0.9579740140173171,
    "sec_right": 0.9310662788814968,
    "sec_back": 0.9646236695183648,
    "sec_left": 0.9299854673279656,
    "sec_upper": 0.8087742943233914,
    "sec_lower": 0.4167939602004157
  },
  "alpha": 0.0
}