{
  "mean_of_K": 0.8492535405688816,
  "best_of_K": 0.6811401732762654,
  "best_of_K_ctrl": 0.6801882224612766,
  "oracle_gain": 0.1681133672926161,
  "oracle_gain_ctrl": 0.16906531810760497,
  "real_multimodal_gain": -0.000951950814988878,
  "per_head_mae": [
    0.9384038352966309,
    0.9439354218377007,
    0.9460853762096829,
    0.9449066114425659,
    0.9537636182043288
  ],
  "diversity": 0.5843359666400486,
  "uncert_corr": 0.6848643823395111,
  "baseline_det": 0.78,
  "vs_baseline_meanK": 0.06925354056888156,
  "vs_baseline_bestK": -0.09885982672373461,
  "calib_bins": [
    0.2252136964627901,
    0.5903578611472439,
    0.9981723148151228,
    1.3648714217749607,
    1.5787381971335106,
    1.7842140225190926,
    1.985050131011953,
    2.1771463965039013,
    2.35239359026188,
    2.4500807405707876
  ]
}