{
  "test": {
    "MAE": 0.9351927868525187,
    "MAE_plain": 0.782441897392273,
    "RMSE": 1.4716745225388066,
    "AbsRel": 0.5547804039054447,
    "delta1": 0.4225536787509918,
    "SILog": 0.6010914334985945,
    "MAE_ffx": 0.8914963767263624,
    "MAE_low": 0.8083213180965847,
    "SHcoefL1": 0.36049104868123927,
    "sec_front": 0.9553031963772244,
    "sec_right": 0.9141303597556221,
    "sec_back": 0.9674307680130005,
    "sec_left": 0.9039067959785462,
    "sec_upper": 0.810118859079149,
    "sec_lower": 0.40711159189542134
  },
  "alpha": 0.2836575508117676
}