{
  "test": {
    "MAE": 0.9242938629786174,
    "RMSE": 1.449451758585161,
    "AbsRel": 0.5726321045557657,
    "delta1": 0.4280341993437873,
    "SILog": 0.5906128060817718,
    "MAE_ffx": 0.8785784549183315,
    "MAE_low": 0.7940112574895223,
    "SHcoefL1": 0.3535551137539248,
    "sec_front": 0.9359791191418966,
    "sec_right": 0.9004354845152961,
    "sec_back": 0.9633281999164157,
    "sec_left": 0.8974325937694974,
    "sec_upper": 0.807188314596812,
    "sec_lower": 0.41194938898086547
  }
}