{
  "test": {
    "MAE": 0.9634622780481974,
    "MAE_plain": 0.8074090202649434,
    "RMSE": 1.4691013135851707,
    "AbsRel": 0.6212662586900923,
    "delta1": 0.40095740848117406,
    "SILog": 0.6072273365656535,
    "MAE_ffx": 0.918261468940311,
    "MAE_low": 0.8311720890469021,
    "SHcoefL1": 0.3592006697009007,
    "sec_front": 0.964853171772427,
    "sec_right": 0.9677893935309516,
    "sec_back": 0.9689274136225382,
    "sec_left": 0.9522791086302863,
    "sec_upper": 0.8358055056465996,
    "sec_lower": 0.4179237355126275
  }
}