{
  "test": {
    "MAE": 0.9295862740940518,
    "MAE_plain": 0.7835589112175836,
    "RMSE": 1.4632877526030281,
    "AbsRel": 0.5735495555400848,
    "delta1": 0.4303783769077725,
    "SILog": 0.5966203733285268,
    "MAE_ffx": 0.8879278079668681,
    "mirror_better_rate": 0.2588888888888889,
    "mae_gain_if_mirrored": 0.015308700104554495,
    "MAE_low": 0.8036173362202115,
    "SHcoefL1": 0.3601540265584158,
    "sec_front": 0.9480523138576084,
    "sec_left": 0.9122118377685546,
    "sec_back": 0.9667733240127564,
    "sec_right": 0.8913076013988919,
    "sec_upper": 0.8175263318750593,
    "sec_lower": 0.4093421607547336
  }
}