{
  "test": {
    "MAE": 0.9206272490819295,
    "MAE_plain": 0.7735586155785454,
    "RMSE": 1.4576095722136784,
    "AbsRel": 0.5687844808896383,
    "delta1": 0.4390342497825623,
    "SILog": 0.602841108110216,
    "MAE_ffx": 0.8780005608664618,
    "MAE_low": 0.7922211416562398,
    "SHcoefL1": 0.3576193602610793,
    "sec_front": 0.9381378870540195,
    "sec_right": 0.902935802936554,
    "sec_back": 0.9629568674829271,
    "sec_left": 0.8784783811039395,
    "sec_upper": 0.8084519514772627,
    "sec_lower": 0.4038938580618964
  },
  "mono": {
    "MAE": 1.1386168254746332,
    "MAE_plain": 0.9347396002875434,
    "RMSE": 1.7443815631493618,
    "AbsRel": 0.7707844456036885,
    "delta1": 0.3721470177173615,
    "SILog": 0.709624445438385,
    "MAE_ffx": 1.0972539329528808,
    "MAE_low": 1.0099696278572083,
    "SHcoefL1": 0.4464124004335867,
    "sec_front": 1.0334059002664353,
    "sec_right": 1.3138317611482409,
    "sec_back": 1.0405097410413955,
    "sec_left": 1.1667198520236546,
    "sec_upper": 0.9061453400717842,
    "sec_lower": 0.4666286365191142
  },
  "left": {
    "MAE": 1.1231977780659994,
    "MAE_plain": 0.9278173552619087,
    "RMSE": 1.7197370552772082,
    "AbsRel": 0.7495525148179796,
    "delta1": 0.36909726434283785,
    "SILog": 0.7038376847902934,
    "MAE_ffx": 1.0808693668577407,
    "MAE_low": 0.9955297636985779,
    "SHcoefL1": 0.4377114767788185,
    "sec_front": 1.043191450966729,
    "sec_right": 1.2891865952809651,
    "sec_back": 1.0478695270750258,
    "sec_left": 1.112543574174245,
    "sec_upper": 0.9126958163579305,
    "sec_lower": 0.4670631576908959
  },
  "right": {
    "MAE": 1.1278167290157741,
    "MAE_plain": 0.9311438279681735,
    "RMSE": 1.7223332158135227,
    "AbsRel": 0.7554267068703969,
    "delta1": 0.36806650638580324,
    "SILog": 0.7077882854143779,
    "MAE_ffx": 1.0851803994178773,
    "MAE_low": 1.0001082889238992,
    "SHcoefL1": 0.43746270868099396,
    "sec_front": 1.0513497747315301,
    "sec_right": 1.2526115788353813,
    "sec_back": 1.0517786606152852,
    "sec_left": 1.1555268335342408,
    "sec_upper": 0.9179704043600294,
    "sec_lower": 0.46950953046480814
  },
  "shuffle": {
    "MAE": 1.1614826271269056,
    "MAE_plain": 0.9522290672196282,
    "RMSE": 1.7185481531714015,
    "AbsRel": 0.7896558607949151,
    "delta1": 0.34752450784047445,
    "SILog": 0.7602224641376072,
    "MAE_ffx": 1.1165542623731826,
    "MAE_low": 1.032835040887197,
    "SHcoefL1": 0.4118090888630185,
    "sec_front": 1.1501738871468439,
    "sec_right": 1.1810448535283407,
    "sec_back": 1.127325709660848,
    "sec_left": 1.1873860263824463,
    "sec_upper": 0.9518242576387194,
    "sec_lower": 0.5021471720271641
  },
  "swap": {
    "MAE": 1.1468679682413736,
    "MAE_plain": 0.9355090591642592,
    "RMSE": 1.7067596047008908,
    "AbsRel": 0.7639413546191322,
    "delta1": 0.35507092542118496,
    "SILog": 0.7448913105328878,
    "MAE_ffx": 1.1017287998729282,
    "MAE_low": 1.0190780022409227,
    "SHcoefL1": 0.4017221754189167,
    "sec_front": 1.0461745553546482,
    "sec_right": 1.2527472517225477,
    "sec_back": 1.055175188117557,
    "sec_left": 1.2333748663796318,
    "sec_upper": 0.9146005283461677,
    "sec_lower": 0.4928596962822808,
    "swap_mirror_consistency": 0.39010337602317835
  }
}