{
  "test": {
    "MAE": 0.9310940292146471,
    "MAE_plain": 0.7833787446551853,
    "RMSE": 1.4724368809117616,
    "AbsRel": 0.5526803002092573,
    "delta1": 0.41925299882888795,
    "SILog": 0.593869883219401,
    "MAE_ffx": 0.8859562187724643,
    "mirror_better_rate": 0.25277777777777777,
    "mae_gain_if_mirrored": 0.011885436458720101,
    "MAE_low": 0.8055773962868584,
    "SHcoefL1": 0.3595174724670748,
    "sec_front": 0.9517464979489645,
    "sec_left": 0.8944615856806437,
    "sec_back": 0.9697841082678901,
    "sec_right": 0.9083839127752515,
    "sec_upper": 0.8190324486626519,
    "sec_lower": 0.4086610425843133
  },
  "mono": {
    "MAE": 1.0765666437149048,
    "MAE_plain": 0.8926167432467143,
    "RMSE": 1.6205001127447831,
    "AbsRel": 0.7438582721021441,
    "delta1": 0.37631294502152335,
    "SILog": 0.6678429463174608,
    "MAE_ffx": 1.0335298260052999,
    "mirror_better_rate": 0.5044444444444445,
    "mae_gain_if_mirrored": 0.023032503608200285,
    "MAE_low": 0.9464207559161716,
    "SHcoefL1": 0.4059481120316519,
    "sec_front": 1.0197118621402317,
    "sec_left": 1.0980586746003893,
    "sec_back": 1.0317171642515395,
    "sec_right": 1.1567788325415718,
    "sec_upper": 0.8882120376163058,
    "sec_lower": 0.45669301006529067
  },
  "left": {
    "MAE": 1.0769635846879748,
    "MAE_plain": 0.8958549435933431,
    "RMSE": 1.622615460447204,
    "AbsRel": 0.732143735355801,
    "delta1": 0.37267913036876255,
    "SILog": 0.6698183502091302,
    "MAE_ffx": 1.0331781996621026,
    "mirror_better_rate": 0.4752777777777778,
    "mae_gain_if_mirrored": 0.019605674520134925,
    "MAE_low": 0.9481004820929633,
    "SHcoefL1": 0.40592020123990047,
    "sec_front": 1.03612178378635,
    "sec_left": 1.111961496671041,
    "sec_back": 1.0439293829600016,
    "sec_right": 1.1158416509628295,
    "sec_upper": 0.9017547329266866,
    "sec_lower": 0.45689132968584695
  },
  "right": {
    "MAE": 1.093046294848124,
    "MAE_plain": 0.9065859044922723,
    "RMSE": 1.64296833559425,
    "AbsRel": 0.7623495732413398,
    "delta1": 0.3719989864031474,
    "SILog": 0.6797565168804592,
    "MAE_ffx": 1.0495766366852655,
    "mirror_better_rate": 0.5288888888888889,
    "mae_gain_if_mirrored": 0.02661962117585871,
    "MAE_low": 0.9639995667669509,
    "SHcoefL1": 0.4090341889195972,
    "sec_front": 1.0379169869422913,
    "sec_left": 1.0983362192577786,
    "sec_back": 1.0607640319400364,
    "sec_right": 1.1751678774091932,
    "sec_upper": 0.9076562735769483,
    "sec_lower": 0.46072219557232325
  },
  "shuffle": {
    "MAE": 1.111873321003384,
    "MAE_plain": 0.9180818012025621,
    "RMSE": 1.6687073889239703,
    "AbsRel": 0.7302169802453783,
    "delta1": 0.35271542721324495,
    "SILog": 0.7185464125209384,
    "MAE_ffx": 1.0653142632378472,
    "mirror_better_rate": 0.49972222222222223,
    "mae_gain_if_mirrored": 0.049705638620588515,
    "MAE_low": 0.9861108718978034,
    "SHcoefL1": 0.39883461279173693,
    "sec_front": 1.1014065845807393,
    "sec_left": 1.1193484528859456,
    "sec_back": 1.086797644297282,
    "sec_right": 1.139940586090088,
    "sec_upper": 0.926864144537184,
    "sec_lower": 0.48108966946601867
  },
  "swap": {
    "MAE": 1.099779773288303,
    "MAE_plain": 0.9039526595009698,
    "RMSE": 1.6490739601380164,
    "AbsRel": 0.7167473072475857,
    "delta1": 0.3583234531349606,
    "SILog": 0.7047427874141269,
    "MAE_ffx": 1.0534591221809386,
    "mirror_better_rate": 0.7522222222222222,
    "mae_gain_if_mirrored": 0.11954560875892639,
    "MAE_low": 0.9749927401542664,
    "SHcoefL1": 0.39229548866136205,
    "sec_front": 1.0379336150487264,
    "sec_left": 1.1631709167692397,
    "sec_back": 1.0376352511511908,
    "sec_right": 1.1603792428970336,
    "sec_upper": 0.889085160891215,
    "sec_lower": 0.47597866495450336,
    "swap_mirror_consistency": 0.2656875647237164
  }
}