{
  "test": {
    "MAE": 0.9294581116570366,
    "MAE_plain": 0.7818525038825141,
    "RMSE": 1.4608716146182392,
    "AbsRel": 0.5698002412584093,
    "delta1": 0.4211227258046468,
    "SILog": 0.594449161556032,
    "MAE_ffx": 0.8845916316244338,
    "MAE_low": 0.7936002606815762,
    "SHcoefL1": 0.35365503027828205,
    "sec_front": 0.9520648447672526,
    "sec_right": 0.900689631038242,
    "sec_back": 0.9621888815032111,
    "sec_left": 0.9028890522321066,
    "sec_upper": 0.8173217817147573,
    "sec_lower": 0.4140332180923886
  },
  "mono": {
    "MAE": 1.0504775155915154,
    "MAE_plain": 0.881113781399197,
    "RMSE": 1.6123882312231985,
    "AbsRel": 0.6844956526491377,
    "delta1": 0.37834056430392793,
    "SILog": 0.6597046796480814,
    "MAE_ffx": 1.0039149888356527,
    "MAE_low": 0.9182601112789578,
    "SHcoefL1": 0.39409524951751035,
    "sec_front": 1.0237880579630534,
    "sec_right": 1.0820657764540778,
    "sec_back": 1.0242753246095446,
    "sec_left": 1.0717808906237285,
    "sec_upper": 0.8972735231452518,
    "sec_lower": 0.4620792689588335
  },
  "left": {
    "MAE": 1.0568853788905674,
    "MAE_plain": 0.8924185964796278,
    "RMSE": 1.6126228539542833,
    "AbsRel": 0.686072565846973,
    "delta1": 0.37157812184757655,
    "SILog": 0.6610428333282471,
    "MAE_ffx": 1.009845621585846,
    "MAE_low": 0.9263328830401103,
    "SHcoefL1": 0.3934237943796648,
    "sec_front": 1.041021371682485,
    "sec_right": 1.0920286189185249,
    "sec_back": 1.0354734807544284,
    "sec_left": 1.0590180140071446,
    "sec_upper": 0.9134068163235982,
    "sec_lower": 0.4734191701147291
  },
  "right": {
    "MAE": 1.0664859920077854,
    "MAE_plain": 0.898220591015286,
    "RMSE": 1.6214832523551728,
    "AbsRel": 0.7109476301405165,
    "delta1": 0.3714484418763055,
    "SILog": 0.666774432791604,
    "MAE_ffx": 1.0200714116626315,
    "MAE_low": 0.9346695770157708,
    "SHcoefL1": 0.396529819406569,
    "sec_front": 1.0403471726841396,
    "sec_right": 1.0985514338811238,
    "sec_back": 1.0377659029430812,
    "sec_left": 1.089279474152459,
    "sec_upper": 0.9139326624075572,
    "sec_lower": 0.4747063630157047
  },
  "shuffle": {
    "MAE": 1.1079549137751261,
    "MAE_plain": 0.9138922230402629,
    "RMSE": 1.6573728839934296,
    "AbsRel": 0.739151044289271,
    "delta1": 0.3570928610695733,
    "SILog": 0.7120717689726088,
    "MAE_ffx": 1.0615710322062175,
    "MAE_low": 0.9741611017121209,
    "SHcoefL1": 0.3942821745098465,
    "sec_front": 1.088534268008338,
    "sec_right": 1.1102246289783053,
    "sec_back": 1.1056577603022257,
    "sec_left": 1.1274029620488484,
    "sec_upper": 0.9208073751131693,
    "sec_lower": 0.4802865093284183
  },
  "swap": {
    "MAE": 1.0877423742082384,
    "MAE_plain": 0.8939600083563063,
    "RMSE": 1.633781229817654,
    "AbsRel": 0.7146226876311832,
    "delta1": 0.3651235087712606,
    "SILog": 0.6938884419865078,
    "MAE_ffx": 1.0416929300626119,
    "MAE_low": 0.9548684276474847,
    "SHcoefL1": 0.386787775038845,
    "sec_front": 1.024688404666053,
    "sec_right": 1.1431300491756864,
    "sec_back": 1.021576086945004,
    "sec_left": 1.161574936972724,
    "sec_upper": 0.8779090576701694,
    "sec_lower": 0.4703838708665636,
    "swap_mirror_consistency": 0.2726426168188601
  }
}