{
  "mean_of_K": 0.8501598209804959,
  "best_of_K": 0.6313139565785726,
  "best_of_K_ctrl": 0.6309662734137641,
  "oracle_gain": 0.21884586440192327,
  "oracle_gain_ctrl": 0.21919354756673176,
  "real_multimodal_gain": -0.0003476831648084852,
  "per_head_mae": [
    0.9414400010638767,
    0.991417453289032,
    0.956536881658766,
    0.9831615919537015,
    0.9577216068903606,
    0.8985267398092481,
    0.9518856483035617,
    0.9779808211326599,
    0.9788296069039238,
    1.0569925538698832
  ],
  "diversity": 0.6396562518013849,
  "uncert_corr": 0.674420121761,
  "baseline_det": 0.78,
  "vs_baseline_meanK": 0.07015982098049589,
  "vs_baseline_bestK": -0.14868604342142744,
  "calib_bins": [
    0.22521335318063954,
    0.6880692969711493,
    1.099018500266047,
    1.3721575584632562,
    1.598738831395112,
    1.8512785998822057,
    2.083795018796082,
    2.2480087123775547,
    2.3692794146775595,
    2.42407998172833
  ]
}