{
  "test": {
    "MAE": 0.9500645073254903,
    "MAE_plain": 0.7934512670834859,
    "RMSE": 1.4714682721409085,
    "AbsRel": 0.5872520311673483,
    "delta1": 0.4165869779056973,
    "SILog": 0.6071948175960117,
    "MAE_ffx": 0.9059422800276015,
    "MAE_low": 0.8201485207345751,
    "SHcoefL1": 0.3606846510587881,
    "sec_front": 0.942215396033393,
    "sec_right": 0.9513603528340657,
    "sec_back": 0.9702426478597853,
    "sec_left": 0.9364395933681064,
    "sec_upper": 0.8079210992654164,
    "sec_lower": 0.4201560045613183
  }
}