{
  "test": {
    "MAE": 0.9839179250929091,
    "MAE_plain": 0.8192410718070137,
    "RMSE": 1.4967010758670365,
    "AbsRel": 0.6423669981956482,
    "delta1": 0.39580308119455976,
    "SILog": 0.6227772102091047,
    "MAE_ffx": 0.9378976448376973,
    "MAE_low": 0.8540244052145216,
    "SHcoefL1": 0.36490290708219014,
    "sec_front": 0.9634771439764235,
    "sec_right": 0.9962281280093723,
    "sec_back": 0.9772824878162808,
    "sec_left": 0.99868393474155,
    "sec_upper": 0.8320749011304643,
    "sec_lower": 0.43346251063876684
  }
}