{
  "test": {
    "MAE": 0.9460200209087796,
    "MAE_plain": 0.7934594859017267,
    "RMSE": 1.4916730530431983,
    "AbsRel": 0.5401934587955475,
    "delta1": 0.4084173888630337,
    "SILog": 0.6051288343800438,
    "MAE_ffx": 0.899826140138838,
    "MAE_low": 0.82237708568573,
    "SHcoefL1": 0.36357205159548256,
    "sec_front": 0.9478661767641703,
    "sec_right": 0.9368657400872973,
    "sec_back": 0.962072352833218,
    "sec_left": 0.9372758552763197,
    "sec_upper": 0.8251574864652422,
    "sec_lower": 0.4116384404235416
  },
  "alpha": -0.00030249066185206175
}