{
  "test": {
    "MAE": 0.9356947485605875,
    "MAE_plain": 0.7859952044487,
    "RMSE": 1.4767328976375496,
    "AbsRel": 0.5475701518853505,
    "delta1": 0.42254713614781697,
    "SILog": 0.6004420487085979,
    "MAE_ffx": 0.8923483472400241,
    "MAE_low": 0.8085908757315742,
    "SHcoefL1": 0.3620408938287033,
    "sec_front": 0.9484360665745205,
    "sec_right": 0.9145379217465719,
    "sec_back": 0.9667697021696302,
    "sec_left": 0.913035298453437,
    "sec_upper": 0.8211831555101606,
    "sec_lower": 0.4040992992454105
  },
  "alpha": 0.281587153673172
}