{
  "test": {
    "MAE": 0.9405665919515822,
    "MAE_plain": 0.7919036327468024,
    "RMSE": 1.488235811878638,
    "AbsRel": 0.5322395997577244,
    "delta1": 0.4085996272828844,
    "SILog": 0.6001274727450476,
    "MAE_ffx": 0.8956866182221307,
    "mirror_better_rate": 0.30194444444444446,
    "mae_gain_if_mirrored": 0.017039170695675745,
    "MAE_low": 0.8151738095283508,
    "SHcoefL1": 0.36157612369913195,
    "sec_front": 0.9407078176074558,
    "sec_left": 0.9206612661149767,
    "sec_back": 0.9756108265452915,
    "sec_right": 0.9252864421738518,
    "sec_upper": 0.831803573899799,
    "sec_lower": 0.40850710087352327
  },
  "mono": {
    "MAE": 2.342800317340427,
    "MAE_plain": 2.091395623948839,
    "RMSE": 3.305345956741962,
    "AbsRel": 1.7488748545116848,
    "delta1": 0.22512133770518833,
    "SILog": 1.1976734749476114,
    "MAE_ffx": 2.319752671983507,
    "mirror_better_rate": 0.4975,
    "mae_gain_if_mirrored": 0.01371267490916782,
    "MAE_low": 2.1882061873541936,
    "SHcoefL1": 0.7790415583716499,
    "sec_front": 1.7443648635016546,
    "sec_left": 2.9384177027808294,
    "sec_back": 1.7553143220477634,
    "sec_right": 2.9331042597028945,
    "sec_upper": 3.060470119052463,
    "sec_lower": 0.6451480441623264
  },
  "shuffle": {
    "MAE": 1.1309063000149198,
    "MAE_plain": 0.9324561749564276,
    "RMSE": 1.6992756806896903,
    "AbsRel": 0.7223986054791345,
    "delta1": 0.34555011683040193,
    "SILog": 0.7343529815144009,
    "MAE_ffx": 1.0840672058529324,
    "mirror_better_rate": 0.49444444444444446,
    "mae_gain_if_mirrored": 0.05328677655922042,
    "MAE_low": 1.0083547266324362,
    "SHcoefL1": 0.40305699987130034,
    "sec_front": 1.1199078721470304,
    "sec_left": 1.132005100250244,
    "sec_back": 1.1132018989986843,
    "sec_right": 1.1585103283988105,
    "sec_upper": 0.9358461756176418,
    "sec_lower": 0.49150218274858265
  },
  "swap": {
    "MAE": 1.1076639620463054,
    "MAE_plain": 0.913686146736145,
    "RMSE": 1.6780201104334773,
    "AbsRel": 0.6987197898493873,
    "delta1": 0.35542866402202183,
    "SILog": 0.7150635565651787,
    "MAE_ffx": 1.0613109938303629,
    "mirror_better_rate": 0.6888888888888889,
    "mae_gain_if_mirrored": 0.12200332426362567,
    "MAE_low": 0.9863315078947279,
    "SHcoefL1": 0.39413072932511567,
    "sec_front": 1.0258658753501044,
    "sec_left": 1.1506330633163453,
    "sec_back": 1.0509483194351197,
    "sec_right": 1.2032085720698038,
    "sec_upper": 0.9098251027531093,
    "sec_lower": 0.47591746701134574
  }
}