{
  "test": {
    "MAE": 0.9257708104451497,
    "MAE_plain": 0.7729714711507162,
    "RMSE": 1.4469177419897228,
    "AbsRel": 0.6021556346946293,
    "delta1": 0.4384728667471144,
    "SILog": 0.5974488059679667,
    "MAE_ffx": 0.8837986614969041,
    "mirror_better_rate": 0.28888888888888886,
    "mae_gain_if_mirrored": 0.016606714667545423,
    "MAE_low": 0.7946651593844096,
    "SHcoefL1": 0.35589297509441775,
    "sec_front": 0.9324179972542657,
    "sec_left": 0.9094674205780029,
    "sec_back": 0.9560800920592414,
    "sec_right": 0.9051177186436123,
    "sec_upper": 0.7921933049625821,
    "sec_lower": 0.4079551617304484
  },
  "mono": {
    "MAE": 1.0115041189723544,
    "MAE_plain": 0.8358944540553622,
    "RMSE": 1.5301068331955436,
    "AbsRel": 0.7260135156578488,
    "delta1": 0.41302390813827516,
    "SILog": 0.6457384396923913,
    "MAE_ffx": 0.9707434990670946,
    "mirror_better_rate": 0.4797222222222222,
    "mae_gain_if_mirrored": 0.029836163967847825,
    "MAE_low": 0.8782188624805874,
    "SHcoefL1": 0.3775860783809589,
    "sec_front": 0.9785034410158793,
    "sec_left": 1.025709715684255,
    "sec_back": 0.9870772128634983,
    "sec_right": 1.0547261148028904,
    "sec_upper": 0.832932401365704,
    "sec_lower": 0.43719220333629183
  },
  "shuffle": {
    "MAE": 1.1282031218210855,
    "MAE_plain": 0.9233354682392544,
    "RMSE": 1.6809892903439654,
    "AbsRel": 0.794846150610182,
    "delta1": 0.36803081896569995,
    "SILog": 0.7297696227497524,
    "MAE_ffx": 1.0840726815329658,
    "mirror_better_rate": 0.5022222222222222,
    "mae_gain_if_mirrored": 0.05336285634173287,
    "MAE_low": 0.9985449202855428,
    "SHcoefL1": 0.4047155901334352,
    "sec_front": 1.1338728099399142,
    "sec_left": 1.1305599530537924,
    "sec_back": 1.0987613757451375,
    "sec_right": 1.149618355433146,
    "sec_upper": 0.9097249870830112,
    "sec_lower": 0.4824589146508111
  },
  "swap": {
    "MAE": 1.1024506009949577,
    "MAE_plain": 0.8999895548820496,
    "RMSE": 1.6510816112083209,
    "AbsRel": 0.7692432249916924,
    "delta1": 0.380644248591529,
    "SILog": 0.710574607319302,
    "MAE_ffx": 1.0587968193160162,
    "mirror_better_rate": 0.6961111111111111,
    "mae_gain_if_mirrored": 0.13238348874780867,
    "MAE_low": 0.9740527417924669,
    "SHcoefL1": 0.3937475807199048,
    "sec_front": 1.029174050754971,
    "sec_left": 1.183284018834432,
    "sec_back": 1.025968987941742,
    "sec_right": 1.1713753864500258,
    "sec_upper": 0.8713320530785454,
    "sec_lower": 0.47142297466595967
  }
}