{
  "test": {
    "MAE": 0.9257708083258734,
    "MAE_plain": 0.7729714706208971,
    "RMSE": 1.446917744991839,
    "AbsRel": 0.6021556389331818,
    "delta1": 0.4384728190633986,
    "SILog": 0.5974488086170621,
    "MAE_ffx": 0.8837986614969041,
    "MAE_low": 0.7946651604440477,
    "SHcoefL1": 0.355892974835717,
    "sec_front": 0.9324179961946275,
    "sec_right": 0.909467421637641,
    "sec_back": 0.9560800891452366,
    "sec_left": 0.9051177186436123,
    "sec_upper": 0.7921933062871297,
    "sec_lower": 0.407955158551534
  }
}