{
  "test": {
    "MAE": 0.9257708093855116,
    "MAE_plain": 0.7729714727401733,
    "RMSE": 1.4469177418585346,
    "AbsRel": 0.6021556357542673,
    "delta1": 0.4384728667471144,
    "SILog": 0.5974488091468811,
    "MAE_ffx": 0.8837986657354566,
    "MAE_low": 0.794665162563324,
    "SHcoefL1": 0.3558929751482275,
    "sec_front": 0.9324180044068231,
    "sec_right": 0.9094674195183649,
    "sec_back": 0.956080088880327,
    "sec_left": 0.9051177218225267,
    "sec_upper": 0.7921933025783963,
    "sec_lower": 0.4079551633199056
  },
  "mono": {
    "MAE": 1.0115041179127164,
    "MAE_plain": 0.8358944582939148,
    "RMSE": 1.530106833844284,
    "AbsRel": 0.7260135188367631,
    "delta1": 0.41302385727564495,
    "SILog": 0.6457384396923913,
    "MAE_ffx": 0.9707434990670946,
    "MAE_low": 0.8782188659244113,
    "SHcoefL1": 0.3775860780643092,
    "sec_front": 0.9785034378369649,
    "sec_right": 1.0257097146246168,
    "sec_back": 0.9870772128634983,
    "sec_left": 1.0547261132134331,
    "sec_upper": 0.8329324048095279,
    "sec_lower": 0.4371922001573775
  },
  "shuffle": {
    "MAE": 1.1282031197018094,
    "MAE_plain": 0.9233354692988925,
    "RMSE": 1.680989292742467,
    "AbsRel": 0.7948461450470818,
    "delta1": 0.36803081896569995,
    "SILog": 0.7297696248690287,
    "MAE_ffx": 1.0840726804733276,
    "MAE_low": 0.9985449171066284,
    "SHcoefL1": 0.40471558992440504,
    "sec_front": 1.133872816297743,
    "sec_right": 1.1305599546432494,
    "sec_back": 1.0987613757451375,
    "sec_left": 1.14961835331387,
    "sec_upper": 0.9097249876128303,
    "sec_lower": 0.4824589114718967
  },
  "swap": {
    "MAE": 1.1024505999353198,
    "MAE_plain": 0.8999895527627733,
    "RMSE": 1.651081615812084,
    "AbsRel": 0.7692432196935018,
    "delta1": 0.3806442501809862,
    "SILog": 0.7105746075842115,
    "MAE_ffx": 1.0587968182563783,
    "MAE_low": 0.9740527428521051,
    "SHcoefL1": 0.39374758059986764,
    "sec_front": 1.0291740483707852,
    "sec_right": 1.1832840135362412,
    "sec_back": 1.0259689784049988,
    "sec_left": 1.1713753906885782,
    "sec_upper": 0.8713320583767361,
    "sec_lower": 0.4714229757255978
  }
}