{
  "test": {
    "MAE": 0.9498327912224663,
    "MAE_plain": 0.7938249958886041,
    "RMSE": 1.4671267229450817,
    "AbsRel": 0.5856149975458781,
    "delta1": 0.415465694003635,
    "SILog": 0.6047309733761681,
    "MAE_ffx": 0.9068214843008253,
    "MAE_low": 0.8187878386179606,
    "SHcoefL1": 0.3584484489655329,
    "sec_front": 0.9556042581134372,
    "sec_right": 0.9371274293793572,
    "sec_back": 0.9764540354410808,
    "sec_left": 0.9301454302999709,
    "sec_upper": 0.81598440501425,
    "sec_lower": 0.41430565026071337
  }
}