{
  "test": {
    "MAE": 0.932761398156484,
    "RMSE": 1.455032769363501,
    "AbsRel": 0.6005010649893019,
    "delta1": 0.4290942144393921,
    "SILog": 0.5979657730791303,
    "MAE_ffx": 0.8911858179834153,
    "MAE_low": 0.8038201800982158,
    "SHcoefL1": 0.3609744931136568,
    "sec_front": 0.9542365439732869,
    "sec_right": 0.8980799184905158,
    "sec_back": 0.974514106909434,
    "sec_left": 0.9042149596744113,
    "sec_upper": 0.8292736832300822,
    "sec_lower": 0.42212626192304825
  }
}