{
  "test": {
    "MAE": 0.9289353436893887,
    "RMSE": 1.459495643062608,
    "AbsRel": 0.5659441681702931,
    "delta1": 0.4282066406144036,
    "SILog": 0.6002308702468873,
    "MAE_ffx": 0.8855767340130276,
    "MAE_low": 0.7994701631863912,
    "SHcoefL1": 0.3589538024945392,
    "sec_front": 0.9432150583797031,
    "sec_right": 0.9013881966802809,
    "sec_back": 0.9744855380058288,
    "sec_left": 0.8966525732146369,
    "sec_upper": 0.8220794089635213,
    "sec_lower": 0.40487323668267994
  }
}