{
  "test": {
    "MAE": 0.9959909698698256,
    "MAE_plain": 0.831570475101471,
    "RMSE": 1.5099830779787569,
    "AbsRel": 0.6523606607649062,
    "delta1": 0.3905258247587416,
    "SILog": 0.6279189564122094,
    "MAE_ffx": 0.9506821057531569,
    "MAE_low": 0.8676164515813192,
    "SHcoefL1": 0.36895572626342377,
    "sec_front": 0.974242262840271,
    "sec_right": 1.006426415178511,
    "sec_back": 0.9935741382175022,
    "sec_left": 1.0097210627131992,
    "sec_upper": 0.8497676054636637,
    "sec_lower": 0.43745899902449714
  }
}