{
  "test": {
    "MAE": 0.9366186624103122,
    "MAE_plain": 0.7842142605781555,
    "RMSE": 1.4664096159843965,
    "AbsRel": 0.5535317465994093,
    "delta1": 0.41353975110583835,
    "SILog": 0.5941255651579963,
    "MAE_ffx": 0.8919608208868238,
    "MAE_low": 0.8101847007539538,
    "SHcoefL1": 0.35982492189026544,
    "sec_front": 0.9373389723565844,
    "sec_right": 0.9295163464546203,
    "sec_back": 0.9562215214305454,
    "sec_left": 0.9233977786699931,
    "sec_upper": 0.8079542181226942,
    "sec_lower": 0.40959989541106756
  }
}