{
  "test": {
    "MAE": 0.9366186624103122,
    "MAE_plain": 0.7842142605781555,
    "RMSE": 1.4664096159843965,
    "AbsRel": 0.5535317465994093,
    "delta1": 0.41353975110583835,
    "SILog": 0.5941255651579963,
    "MAE_ffx": 0.8919608208868238,
    "MAE_low": 0.8101847007539538,
    "SHcoefL1": 0.35982492189026544,
    "sec_front": 0.9373389723565844,
    "sec_right": 0.9295163464546203,
    "sec_back": 0.9562215214305454,
    "sec_left": 0.9233977786699931,
    "sec_upper": 0.8079542181226942,
    "sec_lower": 0.40959989541106756
  },
  "mono": {
    "MAE": 1.0129438485039606,
    "MAE_plain": 0.8473169753286574,
    "RMSE": 1.5539418750393104,
    "AbsRel": 0.6456620270676083,
    "delta1": 0.3879334553082784,
    "SILog": 0.6458762135770586,
    "MAE_ffx": 0.9679206845495436,
    "MAE_low": 0.8895109166039361,
    "SHcoefL1": 0.37968934474305976,
    "sec_front": 1.0031596048672995,
    "sec_right": 1.0239330058627658,
    "sec_back": 0.9978559841050042,
    "sec_left": 1.0268268013000488,
    "sec_upper": 0.8691905958122678,
    "sec_lower": 0.43759366816944545
  },
  "shuffle": {
    "MAE": 1.1133561844295925,
    "MAE_plain": 0.917195607026418,
    "RMSE": 1.666876992334788,
    "AbsRel": 0.7389945018291474,
    "delta1": 0.3585152110788557,
    "SILog": 0.7203964384396871,
    "MAE_ffx": 1.0670076518588596,
    "MAE_low": 0.9896937624613444,
    "SHcoefL1": 0.3956576244450278,
    "sec_front": 1.1232863812976412,
    "sec_right": 1.1097009997897678,
    "sec_back": 1.0958249722586737,
    "sec_left": 1.124612316025628,
    "sec_upper": 0.9231355889638265,
    "sec_lower": 0.4830286877685123
  },
  "swap": {
    "MAE": 1.0909622044033473,
    "MAE_plain": 0.8952875505553352,
    "RMSE": 1.6475988176410121,
    "AbsRel": 0.7174195967780219,
    "delta1": 0.3700267003642188,
    "SILog": 0.7017294303576151,
    "MAE_ffx": 1.0450283408164978,
    "MAE_low": 0.9686270581351386,
    "SHcoefL1": 0.39097236893657183,
    "sec_front": 1.0236040200127496,
    "sec_right": 1.1543137746387058,
    "sec_back": 1.0314710942904155,
    "sec_left": 1.15445988284217,
    "sec_upper": 0.8756817513042026,
    "sec_lower": 0.4723031609588199
  }
}