{
  "test": {
    "MAE": 0.9371448238690694,
    "MAE_plain": 0.784451461897956,
    "RMSE": 1.4591202949113833,
    "AbsRel": 0.5728270779715644,
    "delta1": 0.41547687080171375,
    "SILog": 0.5921791277991401,
    "MAE_ffx": 0.8915614702966478,
    "MAE_low": 0.8093665430280897,
    "SHcoefL1": 0.3576538857900434,
    "sec_front": 0.9397308095296224,
    "sec_right": 0.9355910486645169,
    "sec_back": 0.951484194331699,
    "sec_left": 0.921773226790958,
    "sec_upper": 0.8052817724810706,
    "sec_lower": 0.4179186607731713
  }
}